/award/award_nominated_work/award_nominations./award/award_nomination/nominated_for	/award/award_winning_work/awards_won./award/award_honor/honored_for
/film/film/costume_design_by	/film/film_costumer_designer/costume_design_for_film
/award/award_presenting_organization/award_categories_presented	/award/award_category/presenting_organization
/award/award_presenting_organization/awards_presented	/award/award_category/presenting_organization
/base/activism/activism_issue/activists	/base/activism/activist/area_of_activism
/tv/non_character_role/tv_regular_personal_appearances./tv/tv_regular_personal_appearance/person	/tv/tv_personality/tv_regular_appearances./tv/tv_regular_personal_appearance/appearance_type
/base/popstra/celebrity/breakup./base/popstra/breakup/participant	/base/popstra/celebrity/dated./base/popstra/dated/participant
/tv/tv_personality/tv_regular_appearances./tv/tv_regular_personal_appearance/appearance_type	/tv/non_character_role/tv_regular_personal_appearances./tv/tv_regular_personal_appearance/person
/music/performance_role/regular_performances./music/group_membership/group	/music/musical_group/member./music/group_membership/role
/sports/sports_position/players./american_football/football_historical_roster_position/position_s	/sports/sports_position/players./sports/sports_team_roster/position
/common/topic/webpage./common/webpage/category	/common/annotation_category/annotations./common/webpage/topic
/base/popstra/location/vacationers./base/popstra/vacation_choice/vacationer	/base/popstra/celebrity/vacations_in./base/popstra/vacation_choice/location
/government/political_district/representatives./government/government_position_held/jurisdiction_of_office	/location/country/first_level_divisions
/tv/tv_program/tv_producer./tv/tv_producer_term/producer_type	/tv/tv_producer_type/tv_producers_of_this_type./tv/tv_producer_term/program
/organization/organization/leadership./organization/leadership/person	/organization/organization_founder/organizations_founded
/organization/organization/founders	/organization/organization_founder/organizations_founded
/tv/tv_program_creator/programs_created	/award/award_nominated_work/award_nominations./award/award_nomination/award_nominee
/award/award_winner/awards_won./award/award_honor/honored_for	/award/award_nominated_work/award_nominations./award/award_nomination/award_nominee
/tv/tv_genre/programs	/tv/tv_program/genre
/education/educational_degree/people_with_this_degree./education/education/student	/people/person/education./education/education/degree
/soccer/football_player/current_team./soccer/football_roster_position/team	/sports/sports_team/roster./soccer/football_roster_position/player
/base/x2010fifaworldcupsouthafrica/world_cup_participant/world_cup_team./base/x2010fifaworldcupsouthafrica/current_world_cup_squad/current_club	/sports/sports_team/roster./soccer/football_roster_position/player
/base/x2010fifaworldcupsouthafrica/world_cup_participant/world_cup_team./base/x2010fifaworldcupsouthafrica/current_world_cup_squad/national_team	/sports/sports_team/roster./soccer/football_roster_position/player
/soccer/football_player/current_team./sports/sports_team_roster/team	/sports/sports_team/roster./soccer/football_roster_position/player
/sports/pro_athlete/teams./soccer/football_roster_position/team	/sports/sports_team/roster./soccer/football_roster_position/player
/base/schemastaging/athlete_extra/salary./base/schemastaging/athlete_salary/team	/sports/sports_team/roster./soccer/football_roster_position/player
/soccer/football_player/matches_played./soccer/football_player_match_participation/team	/sports/sports_team/roster./soccer/football_roster_position/player
/sports/pro_athlete/teams./sports/sports_team_roster/team	/sports/sports_team/roster./soccer/football_roster_position/player
/film/film/film_production_design_by	/film/film_production_designer/films_production_designed
/basketball/basketball_position/player_roster_position./basketball/basketball_roster_position/team	/sports/sports_team/roster./basketball/basketball_roster_position/position
/basketball/basketball_position/player_roster_position./sports/sports_team_roster/team	/sports/sports_team/roster./basketball/basketball_roster_position/position
/sports/sports_position/players./basketball/basketball_roster_position/team	/sports/sports_team/roster./basketball/basketball_roster_position/position
/location/administrative_division/first_level_division_of	/base/aareas/schema/administrative_area/administrative_children
/government/political_district/representatives./government/government_position_held/jurisdiction_of_office	/base/aareas/schema/administrative_area/administrative_children
/base/aareas/schema/administrative_area/administrative_parent	/base/aareas/schema/administrative_area/administrative_children
/broadcast/content/artist	/broadcast/artist/content
/education/educational_institution/parent_institution	/education/educational_institution/subsidiary_or_constituent_schools
/time/event/locations	/location/location/events
/olympics/olympic_games/athletes./olympics/olympic_athlete_affiliation/sport	/olympics/olympic_sport/athletes./olympics/olympic_athlete_affiliation/olympics
/music/genre/artists	/music/artist/genre
/olympics/olympic_games/athletes./olympics/olympic_athlete_affiliation/sport	/olympics/olympic_sport/olympic_games_contested
/olympics/olympic_games/sports	/olympics/olympic_sport/olympic_games_contested
/user/jg/default_domain/olympic_games/sports	/olympics/olympic_sport/olympic_games_contested
/location/capital_of_administrative_division/capital_of./location/administrative_division_capital_relationship/administrative_division	/base/aareas/schema/administrative_area/capital
/base/locations/countries/continent	/base/locations/continents/countries_within
/film/film_costumer_designer/costume_design_for_film	/film/film/costume_design_by
/award/award_winner/awards_won./award/award_honor/honored_for	/award/award_winning_work/awards_won./award/award_honor/award_winner
/organization/organization/leadership./organization/leadership/role	/organization/role/leaders./organization/leadership/organization
/film/film_subject/films	/film/film/subjects
/film/film/sequel	/film/film/prequel
/tv/tv_producer_type/tv_producers_of_this_type./tv/tv_producer_term/producer	/tv/tv_producer/programs_produced./tv/tv_producer_term/producer_type
/sports/sports_position/players./ice_hockey/hockey_roster_position/team	/sports/sports_team/roster./ice_hockey/hockey_roster_position/position
/symbols/name_source/namesakes	/symbols/namesake/named_after
/music/musical_group/member./music/group_membership/role	/music/performance_role/regular_performances./music/group_membership/group
/film/music_contributor/film	/film/film/music
/tv/tv_network/programs./tv/tv_network_duration/program	/tv/tv_program/original_network./tv/tv_network_duration/network
/people/cause_of_death/people	/people/deceased_person/cause_of_death
/film/cinematographer/film	/film/film/cinematography
/basketball/basketball_team/roster./sports/sports_team_roster/position	/basketball/basketball_position/player_roster_position./sports/sports_team_roster/team
/sports/sports_team/roster./basketball/basketball_roster_position/position	/basketball/basketball_position/player_roster_position./sports/sports_team_roster/team
/basketball/basketball_team/roster./basketball/basketball_roster_position/position	/basketball/basketball_position/player_roster_position./sports/sports_team_roster/team
/people/person/education./education/education/major_field_of_study	/education/field_of_study/students_majoring./education/education/student
/location/hud_county_place/county	/location/location/contains
/location/administrative_division/country	/location/location/contains
/base/biblioness/bibs_location/state	/location/location/contains
/location/administrative_division/first_level_division_of	/location/location/contains
/base/locations/countries/continent	/location/location/contains
/location/location/containedby	/location/location/contains
/base/biblioness/bibs_location/country	/location/location/contains
/location/capital_of_administrative_division/capital_of./location/administrative_division_capital_relationship/administrative_division	/location/location/contains
/base/aareas/schema/administrative_area/administrative_parent	/location/location/contains
/people/deceased_person/cause_of_death	/people/cause_of_death/people
/location/country/languages_spoken	/language/human_language/countries_spoken_in
/base/aareas/schema/administrative_area/capital	/location/location/containedby
/location/us_county/hud_county_place	/location/location/containedby
/location/country/administrative_divisions	/location/location/containedby
/base/locations/continents/countries_within	/location/location/containedby
/location/country/first_level_divisions	/location/location/containedby
/location/administrative_division/capital./location/administrative_division_capital_relationship/capital	/location/location/containedby
/location/location/contains	/location/location/containedby
/people/ethnicity/people	/people/person/ethnicity
/people/person/parents	/people/person/children
/base/famouspets/pet_owner/pets_owned./base/famouspets/pet_ownership/owner	/people/person/children
/film/film/production_companies	/film/production_company/films
/education/educational_degree/people_with_this_degree./education/education/major_field_of_study	/education/field_of_study/students_majoring./education/education/degree
/education/educational_degree/people_with_this_degree./education/education/specialization	/education/field_of_study/students_majoring./education/education/degree
/education/educational_degree/people_with_this_degree./education/education/minor	/education/field_of_study/students_majoring./education/education/degree
/tv/tv_program/recurring_writers./tv/tv_program_writer_relationship/writer	/award/award_nominee/award_nominations./award/award_nomination/nominated_for
/tv/tv_program/tv_producer./tv/tv_producer_term/producer	/award/award_nominee/award_nominations./award/award_nomination/nominated_for
/award/award_nominated_work/award_nominations./award/award_nomination/award_nominee	/award/award_nominee/award_nominations./award/award_nomination/nominated_for
/influence/influence_node/influenced_by	/influence/influence_node/influenced
/user/alexander/philosophy/subject/philosophers	/user/alexander/philosophy/philosopher/interests
/education/field_of_study/academics_in_this_field	/user/alexander/philosophy/philosopher/interests
/medicine/notable_person_with_medical_condition/condition	/medicine/disease/notable_people_with_this_condition
/award/award_winner/awards_won./award/award_honor/award_winner	/award/award_nominee/award_nominations./award/award_nomination/award_nominee
/government/governmental_jurisdiction/governing_officials./government/government_position_held/district_represented	/location/administrative_division/first_level_division_of
/government/politician/government_positions_held./government/government_position_held/legislative_sessions	/government/legislative_session/members./government/government_position_held/office_holder
/government/politician/government_positions_held./government/government_position_held/basic_title	/government/government_office_category/officeholders./government/government_position_held/office_holder
/sports/sports_team/league./sports/sports_league_participation/league	/sports/sports_league/teams./sports/sports_league_participation/team
/soccer/football_team/league./soccer/football_league_participation/league	/sports/sports_league/teams./sports/sports_league_participation/team
/baseball/baseball_team/league	/sports/sports_league/teams./sports/sports_league_participation/team
/base/activism/activist/area_of_activism	/base/activism/activism_issue/activists
/government/political_district/representatives./government/government_position_held/jurisdiction_of_office	/location/country/administrative_divisions
/user/szaijan/fantasy_football/position/player	/sports/pro_athlete/teams./sports/sports_team_roster/position
/soccer/football_position/players	/sports/pro_athlete/teams./sports/sports_team_roster/position
/sports/sports_position/players./basketball/basketball_roster_position/player	/sports/pro_athlete/teams./sports/sports_team_roster/position
/sports/sports_position/players./american_football/football_historical_roster_position/player	/sports/pro_athlete/teams./sports/sports_team_roster/position
/sports/sports_position/players./sports/sports_team_roster/player	/sports/pro_athlete/teams./sports/sports_team_roster/position
/sports/sports_position/players./baseball/baseball_roster_position/player	/sports/pro_athlete/teams./sports/sports_team_roster/position
/basketball/basketball_position/player_roster_position./sports/sports_team_roster/player	/sports/pro_athlete/teams./sports/sports_team_roster/position
/basketball/basketball_position/player_roster_position./basketball/basketball_roster_position/player	/sports/pro_athlete/teams./sports/sports_team_roster/position
/sports/sports_position/players./soccer/football_roster_position/player	/sports/pro_athlete/teams./sports/sports_team_roster/position
/location/location/time_zones	/time/time_zone/locations_in_this_time_zone
/people/profession/specializations	/people/profession/specialization_of
/film/actor/dubbing_performances./film/dubbing_performance/film	/film/film/dubbing_performances./film/dubbing_performance/actor
/base/aareas/schema/administrative_area/capital	/base/aareas/schema/administrative_area/administrative_parent
/government/governmental_jurisdiction/governing_officials./government/government_position_held/district_represented	/base/aareas/schema/administrative_area/administrative_parent
/location/it_province/capital	/location/capital_of_administrative_division/capital_of./location/administrative_division_capital_relationship/administrative_division
/location/administrative_division/capital./location/administrative_division_capital_relationship/capital	/location/capital_of_administrative_division/capital_of./location/administrative_division_capital_relationship/administrative_division
/tennis/tennis_tournament_champion/tennis_titles./tennis/tennis_tournament_championship/winner	/people/person/sibling_s./people/sibling_relationship/sibling
/base/popstra/celebrity/vacations_in./base/popstra/vacation_choice/location	/base/popstra/location/vacationers./base/popstra/vacation_choice/vacationer
/basketball/basketball_player/team./basketball/basketball_roster_position/team	/sports/sports_team/roster./sports/sports_team_roster/player
/soccer/football_player/current_team./soccer/football_roster_position/team	/sports/sports_team/roster./sports/sports_team_roster/player
/american_football/football_player/former_teams./american_football/football_historical_roster_position/team	/sports/sports_team/roster./sports/sports_team_roster/player
/sports/pro_athlete/teams./basketball/basketball_roster_position/team	/sports/sports_team/roster./sports/sports_team_roster/player
/american_football/football_player/former_teams./sports/sports_team_roster/team	/sports/sports_team/roster./sports/sports_team_roster/player
/sports/sports_award_winner/awards./sports/sports_award/team	/sports/sports_team/roster./sports/sports_team_roster/player
/base/x2010fifaworldcupsouthafrica/world_cup_participant/world_cup_team./base/x2010fifaworldcupsouthafrica/current_world_cup_squad/national_team	/sports/sports_team/roster./sports/sports_team_roster/player
/basketball/basketball_player/former_teams./sports/sports_team_roster/team	/sports/sports_team/roster./sports/sports_team_roster/player
/basketball/basketball_player/team./sports/sports_team_roster/team	/sports/sports_team/roster./sports/sports_team_roster/player
/basketball/basketball_player/player_statistics./basketball/basketball_player_stats/team	/sports/sports_team/roster./sports/sports_team_roster/player
/baseball/baseball_player/former_teams./sports/sports_team_roster/team	/sports/sports_team/roster./sports/sports_team_roster/player
/baseball/baseball_player/former_teams./baseball/baseball_historical_roster_position/team	/sports/sports_team/roster./sports/sports_team_roster/player
/sports/pro_athlete/teams./basketball/basketball_historical_roster_position/team	/sports/sports_team/roster./sports/sports_team_roster/player
/soccer/football_player/current_team./sports/sports_team_roster/team	/sports/sports_team/roster./sports/sports_team_roster/player
/sports/pro_athlete/teams./soccer/football_roster_position/team	/sports/sports_team/roster./sports/sports_team_roster/player
/sports/pro_athlete/teams./american_football/football_historical_roster_position/team	/sports/sports_team/roster./sports/sports_team_roster/player
/soccer/football_player/matches_played./soccer/football_player_match_participation/team	/sports/sports_team/roster./sports/sports_team_roster/player
/sports/drafted_athlete/drafted./sports/sports_league_draft_pick/team	/sports/sports_team/roster./sports/sports_team_roster/player
/sports/pro_athlete/teams./baseball/baseball_historical_roster_position/team	/sports/sports_team/roster./sports/sports_team_roster/player
/base/x2010fifaworldcupsouthafrica/world_cup_participant/world_cup_team./base/x2010fifaworldcupsouthafrica/current_world_cup_squad/current_club	/sports/sports_team/roster./sports/sports_team_roster/player
/base/schemastaging/athlete_extra/salary./base/schemastaging/athlete_salary/team	/sports/sports_team/roster./sports/sports_team_roster/player
/basketball/basketball_player/former_teams./basketball/basketball_historical_roster_position/team	/sports/sports_team/roster./sports/sports_team_roster/player
/sports/pro_athlete/teams./sports/sports_team_roster/team	/sports/sports_team/roster./sports/sports_team_roster/player
/baseball/baseball_player/batting_stats./baseball/batting_statistics/team	/sports/sports_team/roster./sports/sports_team_roster/player
/base/americancomedy/impersonated_celebrity/impersonated_by	/base/americancomedy/celebrity_impressionist/celebrities_impersonated
/education/educational_institution/students_graduates./education/education/degree	/education/educational_degree/people_with_this_degree./education/education/institution
/tv/tv_producer/programs_produced./tv/tv_producer_term/program	/tv/tv_program/tv_producer./tv/tv_producer_term/producer
/tv/tv_program_creator/programs_created	/tv/tv_program/tv_producer./tv/tv_producer_term/producer
/award/award_ceremony/awards_presented./award/award_honor/award_winner	/award/award_winner/awards_won./award/award_honor/ceremony
/sports/sports_championship_event/champion	/base/marchmadness/ncaa_basketball_team/ncaa_tournament_seeds./base/marchmadness/ncaa_tournament_seed/tournament
/base/marchmadness/ncaa_basketball_tournament/seeds./base/marchmadness/ncaa_tournament_seed/team	/base/marchmadness/ncaa_basketball_team/ncaa_tournament_seeds./base/marchmadness/ncaa_tournament_seed/tournament
/sports/sports_championship_event/runner_up	/base/marchmadness/ncaa_basketball_team/ncaa_tournament_seeds./base/marchmadness/ncaa_tournament_seed/tournament
/people/person/education./education/education/degree	/education/educational_degree/people_with_this_degree./education/education/student
/religion/religion/notable_figures	/people/person/religion
/organization/organization/child./organization/organization_relationship/child	/organization/organization/parent./organization/organization_relationship/parent
/internet/website_owner/websites_owned_new./internet/website_ownership/website	/organization/organization/parent./organization/organization_relationship/parent
/olympics/olympic_participating_country/athletes./olympics/olympic_athlete_affiliation/sport	/olympics/olympic_sport/athletes./olympics/olympic_athlete_affiliation/country
/film/film/edited_by	/film/editor/film
/common/annotation_category/annotations./common/webpage/topic	/common/topic/webpage./common/webpage/category
/people/person/children	/people/person/parents
/award/award_category/winners./award/award_honor/honored_for	/award/award_nominated_work/award_nominations./award/award_nomination/award
/tv/tv_program/genre	/tv/tv_genre/programs
/government/form_of_government/countries	/location/country/form_of_government
/film/film_distribution_medium/films_distributed_in_this_medium./film/film_film_distributor_relationship/film	/film/film/distributors./film/film_film_distributor_relationship/film_distribution_medium
/media_common/netflix_genre/titles	/media_common/netflix_title/netflix_genres
/education/field_of_study/students_majoring./education/education/degree	/education/educational_degree/people_with_this_degree./education/education/major_field_of_study
/government/political_party/politicians_in_this_party./government/political_party_tenure/politician	/government/politician/party./government/political_party_tenure/party
/basketball/basketball_team/roster./sports/sports_team_roster/position	/basketball/basketball_position/player_roster_position./basketball/basketball_roster_position/team
/sports/sports_team/roster./basketball/basketball_roster_position/position	/basketball/basketball_position/player_roster_position./basketball/basketball_roster_position/team
/basketball/basketball_team/roster./basketball/basketball_roster_position/position	/basketball/basketball_position/player_roster_position./basketball/basketball_roster_position/team
/music/genre/subgenre	/music/genre/parent_genre
/military/military_commander/military_commands./military/military_command/military_conflict	/base/culturalevent/event/entity_involved
/base/petbreeds/dog_breed/cities_where_this_dog_is_popular./base/petbreeds/dog_city_relationship/cities	/base/petbreeds/city_with_dogs/top_breeds./base/petbreeds/dog_city_relationship/dog_breed
/people/person/education./education/education/institution	/education/educational_institution/students_graduates./education/education/student
/film/person_or_entity_appearing_in_film/films./film/personal_film_appearance/film	/film/film/personal_appearances./film/personal_film_appearance/person
/user/alexander/philosophy/philosopher/interests	/user/alexander/philosophy/subject/philosophers
/tv/tv_program/original_network./tv/tv_network_duration/network	/tv/tv_network/programs./tv/tv_network_duration/program
/sports/sport/teams	/sports/sports_team/sport
/film/film_crewmember/films_crewed./film/film_crew_gig/film	/film/film/other_crew./film/film_crew_gig/crewmember
/film/film/film_set_decoration_by	/film/film_set_designer/film_sets_designed
/location/capital_of_administrative_division/capital_of./location/administrative_division_capital_relationship/administrative_division	/location/administrative_division/capital./location/administrative_division_capital_relationship/capital
/award/award_discipline/awards_in_this_discipline	/award/award_category/disciplines_or_subjects
/education/fraternity_sorority/colleges_and_universities	/education/university/fraternities_and_sororities
/tv/non_character_role/tv_guest_personal_appearances./tv/tv_guest_personal_appearance/person	/film/person_or_entity_appearing_in_film/films./film/personal_film_appearance/type_of_appearance
/tv/special_tv_performance_type/starring_performances./tv/regular_tv_appearance/actor	/film/person_or_entity_appearing_in_film/films./film/personal_film_appearance/type_of_appearance
/sports/sports_championship_event/championship	/time/recurring_event/instances
/time/event/instance_of_recurring_event	/time/recurring_event/instances
/award/competition/instance_of_recurring_competition	/time/recurring_event/instances
/music/record_label/artist	/music/artist/label
/sports/sports_team_location/teams	/sports/sports_team/location
/olympics/olympic_games/medals_awarded./olympics/olympic_medal_honor/medal	/olympics/olympic_medal/medal_winners./olympics/olympic_medal_honor/olympics
/user/tsegaran/random/subject_taxonomy/entry./user/tsegaran/random/taxonomy_entry/subject	/user/tsegaran/random/taxonomy_subject/entry./user/tsegaran/random/taxonomy_entry/taxonomy
/people/marriage_union_type/unions_of_this_type./people/marriage/spouse	/people/person/spouse_s./people/marriage/type_of_union
/government/governmental_jurisdiction/agencies	/organization/organization/phone_number./common/phone_number/service_location
/olympics/olympic_medal/medal_winners./olympics/olympic_medal_honor/country	/olympics/olympic_participating_country/medals_won./olympics/olympic_medal_honor/medal
/film/film/cinematography	/film/cinematographer/film
/base/petbreeds/city_with_dogs/top_breeds./base/petbreeds/dog_city_relationship/dog_breed	/base/petbreeds/dog_breed/cities_where_this_dog_is_popular./base/petbreeds/dog_city_relationship/cities
/people/place_of_interment/interred_here	/people/deceased_person/place_of_burial
/tv/tv_producer/programs_produced./tv/tv_producer_term/producer_type	/tv/tv_producer_type/tv_producers_of_this_type./tv/tv_producer_term/producer
/location/location/partially_containedby	/location/location/partially_contains
/travel/travel_destination/tourist_attractions	/organization/organization/headquarters./location/mailing_address/citytown
/sports/professional_sports_team/draft_picks./sports/sports_league_draft_pick/draft	/sports/sports_league_draft/picks./sports/sports_league_draft_pick/team
/people/deceased_person/place_of_burial	/people/place_of_interment/interred_here
/film/film/film_format	/film/film_format/film_format
/film/film/executive_produced_by	/film/producer/films_executive_produced
/media_common/netflix_title/netflix_genres	/film/film_genre/films_in_this_genre
/military/military_combatant/force_deployments./military/force_strength/military_conflict	/military/military_conflict/combatants./military/military_combatant_group/combatants
/military/military_combatant/military_conflicts./military/military_combatant_group/conflict	/military/military_conflict/combatants./military/military_combatant_group/combatants
/military/military_combatant/military_commanders./military/military_command/military_conflict	/military/military_conflict/combatants./military/military_combatant_group/combatants
/military/military_combatant/casualties./military/casualties/military_conflict	/military/military_conflict/combatants./military/military_combatant_group/combatants
/education/educational_institution_campus/educational_institution	/education/educational_institution/campuses
/education/educational_degree/people_with_this_degree./education/education/institution	/education/educational_institution/students_graduates./education/education/degree
/base/x2010fifaworldcupsouthafrica/world_cup_squad/current_world_cup_squad./base/x2010fifaworldcupsouthafrica/current_world_cup_squad/players	/sports/pro_athlete/teams./soccer/football_roster_position/team
/sports/sports_team/roster./soccer/football_roster_position/player	/sports/pro_athlete/teams./soccer/football_roster_position/team
/sports/sports_team/roster./sports/sports_team_roster/player	/sports/pro_athlete/teams./soccer/football_roster_position/team
/soccer/football_team/current_roster./sports/sports_team_roster/player	/sports/pro_athlete/teams./soccer/football_roster_position/team
/soccer/football_team/current_roster./soccer/football_roster_position/player	/sports/pro_athlete/teams./soccer/football_roster_position/team
/award/ranked_item/appears_in_ranked_lists./award/ranking/list	/award/ranked_list/ranked_list_items./award/ranking/item
/tv/tv_program/tv_producer./tv/tv_producer_term/producer	/tv/tv_actor/starring_roles./tv/regular_tv_appearance/series
/tv/tv_program/regular_cast./tv/regular_tv_appearance/actor	/tv/tv_actor/starring_roles./tv/regular_tv_appearance/series
/government/governmental_jurisdiction/governing_officials./government/government_position_held/district_represented	/location/administrative_division/country
/sports/sport/pro_athletes./sports/pro_sports_played/athlete	/sports/pro_athlete/sports_played_professionally./sports/pro_sports_played/sport
/olympics/olympic_sport/athletes./olympics/olympic_athlete_affiliation/athlete	/sports/pro_athlete/sports_played_professionally./sports/pro_sports_played/sport
/sports/sports_position/players./american_football/football_historical_roster_position/team	/sports/sports_team/roster./american_football/football_historical_roster_position/position_s
/sports/sports_position/players./sports/sports_team_roster/team	/sports/sports_team/roster./american_football/football_historical_roster_position/position_s
/film/film/film_art_direction_by	/film/film_art_director/films_art_directed
/sports/sports_position/players./ice_hockey/hockey_roster_position/team	/ice_hockey/hockey_team/current_roster./sports/sports_team_roster/position
/sports/sports_position/players./sports/sports_team_roster/team	/soccer/football_team/current_roster./sports/sports_team_roster/position
/education/educational_institution/subsidiary_or_constituent_schools	/education/educational_institution/parent_institution
/film/film_format/film_format	/film/film/film_format
/soccer/football_league/teams./soccer/football_league_participation/team	/sports/sports_team/league./sports/sports_league_participation/league
/sports/sports_award_type/winners./sports/sports_award/award_winner	/sports/sports_team/league./sports/sports_league_participation/league
/baseball/baseball_league/teams	/sports/sports_team/league./sports/sports_league_participation/league
/olympics/olympic_participating_country/medals_won./olympics/olympic_medal_honor/olympics	/olympics/olympic_games/medals_awarded./olympics/olympic_medal_honor/country
/government/politician/party./government/political_party_tenure/party	/government/political_party/politicians_in_this_party./government/political_party_tenure/politician
/film/person_or_entity_appearing_in_film/films./film/personal_film_appearance/type_of_appearance	/film/personal_film_appearance_type/film_appearances./film/personal_film_appearance/person
/tv/tv_actor/starring_roles./tv/regular_tv_appearance/series	/tv/tv_program/regular_cast./tv/regular_tv_appearance/actor
/soccer/football_player/current_team./soccer/football_roster_position/team	/soccer/football_team/current_roster./soccer/football_roster_position/player
/base/x2010fifaworldcupsouthafrica/world_cup_participant/world_cup_team./base/x2010fifaworldcupsouthafrica/current_world_cup_squad/current_club	/soccer/football_team/current_roster./soccer/football_roster_position/player
/base/x2010fifaworldcupsouthafrica/world_cup_participant/world_cup_team./base/x2010fifaworldcupsouthafrica/current_world_cup_squad/national_team	/soccer/football_team/current_roster./soccer/football_roster_position/player
/soccer/football_player/current_team./sports/sports_team_roster/team	/soccer/football_team/current_roster./soccer/football_roster_position/player
/sports/pro_athlete/teams./soccer/football_roster_position/team	/soccer/football_team/current_roster./soccer/football_roster_position/player
/base/schemastaging/athlete_extra/salary./base/schemastaging/athlete_salary/team	/soccer/football_team/current_roster./soccer/football_roster_position/player
/soccer/football_player/matches_played./soccer/football_player_match_participation/team	/soccer/football_team/current_roster./soccer/football_roster_position/player
/sports/pro_athlete/teams./sports/sports_team_roster/team	/soccer/football_team/current_roster./soccer/football_roster_position/player
/time/time_zone/locations_in_this_time_zone	/location/location/time_zones
/education/school_category/schools_of_this_kind	/education/educational_institution/school_type
/base/x2010fifaworldcupsouthafrica/world_cup_squad/current_world_cup_squad./base/x2010fifaworldcupsouthafrica/current_world_cup_squad/position	/sports/sports_position/players./soccer/football_roster_position/team
/sports/sports_position/players./baseball/baseball_roster_position/team	/baseball/baseball_team/current_roster./sports/sports_team_roster/position
/government/government_office_category/officeholders./government/government_position_held/jurisdiction_of_office	/government/governmental_jurisdiction/governing_officials./government/government_position_held/basic_title
/people/profession/specialization_of	/people/profession/specializations
/government/legislative_session/members./government/government_position_held/district_represented	/government/political_district/representatives./government/government_position_held/legislative_sessions
/tv/tv_personality/tv_regular_appearances./tv/tv_regular_personal_appearance/program	/tv/tv_program/regular_personal_appearances./tv/tv_regular_personal_appearance/person
/base/x2010fifaworldcupsouthafrica/world_cup_squad/current_world_cup_squad./base/x2010fifaworldcupsouthafrica/current_world_cup_squad/players	/soccer/football_player/current_team./soccer/football_roster_position/team
/sports/sports_team/roster./soccer/football_roster_position/player	/soccer/football_player/current_team./soccer/football_roster_position/team
/sports/sports_team/roster./sports/sports_team_roster/player	/soccer/football_player/current_team./soccer/football_roster_position/team
/soccer/football_team/current_roster./sports/sports_team_roster/player	/soccer/football_player/current_team./soccer/football_roster_position/team
/soccer/football_team/current_roster./soccer/football_roster_position/player	/soccer/football_player/current_team./soccer/football_roster_position/team
/people/profession/people_with_this_profession	/people/person/profession
/music/artist/contribution./music/recording_contribution/performance_role	/music/performance_role/guest_performances./music/recording_contribution/contributor
/base/x2010fifaworldcupsouthafrica/world_cup_squad/current_world_cup_squad./base/x2010fifaworldcupsouthafrica/current_world_cup_squad/players	/soccer/football_player/current_team./sports/sports_team_roster/team
/sports/sports_team/roster./soccer/football_roster_position/player	/soccer/football_player/current_team./sports/sports_team_roster/team
/sports/sports_team/roster./sports/sports_team_roster/player	/soccer/football_player/current_team./sports/sports_team_roster/team
/soccer/football_team/current_roster./sports/sports_team_roster/player	/soccer/football_player/current_team./sports/sports_team_roster/team
/soccer/football_team/current_roster./soccer/football_roster_position/player	/soccer/football_player/current_team./sports/sports_team_roster/team
/award/award_nominee/award_nominations./award/award_nomination/award	/award/award_category/nominees./award/award_nomination/award_nominee
/award/award_winner/awards_won./award/award_honor/award	/award/award_category/nominees./award/award_nomination/award_nominee
/award/hall_of_fame/inductees./award/hall_of_fame_induction/inductee	/award/hall_of_fame_inductee/hall_of_fame_inductions./award/hall_of_fame_induction/hall_of_fame
/film/film_production_designer/films_production_designed	/film/film/film_production_design_by
/film/film/story_by	/film/film_story_contributor/film_story_credits
/olympics/olympic_participating_country/medals_won./olympics/olympic_medal_honor/medal	/olympics/olympic_medal/medal_winners./olympics/olympic_medal_honor/country
/award/award_category/winners./award/award_honor/award_winner	/award/award_nominee/award_nominations./award/award_nomination/award
/award/award_category/nominees./award/award_nomination/award_nominee	/award/award_nominee/award_nominations./award/award_nomination/award
/american_football/football_player/former_teams./american_football/football_historical_roster_position/position_s	/sports/sports_position/players./sports/sports_team_roster/player
/sports/pro_athlete/teams./basketball/basketball_roster_position/position	/sports/sports_position/players./sports/sports_team_roster/player
/sports/pro_athlete/teams./baseball/baseball_roster_position/position	/sports/sports_position/players./sports/sports_team_roster/player
/sports/pro_athlete/teams./sports/sports_team_roster/position	/sports/sports_position/players./sports/sports_team_roster/player
/american_football/football_player/former_teams./sports/sports_team_roster/position	/sports/sports_position/players./sports/sports_team_roster/player
/base/x2010fifaworldcupsouthafrica/world_cup_participant/world_cup_team./base/x2010fifaworldcupsouthafrica/current_world_cup_squad/position	/sports/sports_position/players./sports/sports_team_roster/player
/sports/pro_athlete/teams./soccer/football_roster_position/position	/sports/sports_position/players./sports/sports_team_roster/player
/basketball/basketball_player/team./basketball/basketball_roster_position/position	/sports/sports_position/players./sports/sports_team_roster/player
/basketball/basketball_player/team./sports/sports_team_roster/position	/sports/sports_position/players./sports/sports_team_roster/player
/soccer/football_player/current_team./sports/sports_team_roster/position	/sports/sports_position/players./sports/sports_team_roster/player
/user/szaijan/fantasy_football/player/position	/sports/sports_position/players./sports/sports_team_roster/player
/soccer/football_player/position_s	/sports/sports_position/players./sports/sports_team_roster/player
/baseball/baseball_player/current_team./baseball/baseball_roster_position/position	/sports/sports_position/players./sports/sports_team_roster/player
/soccer/football_player/current_team./soccer/football_roster_position/position	/sports/sports_position/players./sports/sports_team_roster/player
/sports/pro_athlete/teams./american_football/football_historical_roster_position/position_s	/sports/sports_position/players./sports/sports_team_roster/player
/baseball/baseball_player/current_team./sports/sports_team_roster/position	/sports/sports_position/players./sports/sports_team_roster/player
/government/governmental_jurisdiction/governing_officials./government/government_position_held/basic_title	/government/government_office_category/officeholders./government/government_position_held/jurisdiction_of_office
/people/person/ethnicity	/people/ethnicity/people
/government/government_office_category/officeholders./government/government_position_held/office_holder	/government/politician/government_positions_held./government/government_position_held/basic_title
/basketball/basketball_position/player_roster_position./basketball/basketball_roster_position/team	/basketball/basketball_team/roster./sports/sports_team_roster/position
/basketball/basketball_position/player_roster_position./sports/sports_team_roster/team	/basketball/basketball_team/roster./sports/sports_team_roster/position
/sports/sports_position/players./basketball/basketball_roster_position/team	/basketball/basketball_team/roster./sports/sports_team_roster/position
/sports/sports_position/players./sports/sports_team_roster/team	/sports/sports_team/roster./soccer/football_roster_position/position
/film/special_film_performance_type/film_performance_type./film/performance/film	/film/film/starring./film/performance/special_performance_type
/medicine/disease/notable_people_with_this_condition	/medicine/notable_person_with_medical_condition/condition
/film/film/prequel	/film/film/sequel
/government/governmental_body/members./government/government_position_held/legislative_sessions	/government/legislative_session/members./government/government_position_held/governmental_body
/base/americancomedy/comedy_group/members./base/americancomedy/comedy_group_membership/member	/music/group_member/membership./music/group_membership/group
/music/musical_group/member./music/group_membership/member	/music/group_member/membership./music/group_membership/group
/tv/tv_program/program_creator	/tv/tv_program_creator/programs_created
/medicine/disease/symptoms	/medicine/symptom/symptom_of
/media_common/netflix_title/netflix_genres	/media_common/netflix_genre/titles
/music/group_member/membership./music/group_membership/role	/music/performance_role/regular_performances./music/group_membership/member
/sports/sports_team/roster./baseball/baseball_roster_position/position	/sports/sports_position/players./baseball/baseball_roster_position/team
/baseball/baseball_team/current_roster./baseball/baseball_roster_position/position	/sports/sports_position/players./baseball/baseball_roster_position/team
/baseball/baseball_team/current_roster./sports/sports_team_roster/position	/sports/sports_position/players./baseball/baseball_roster_position/team
/olympics/olympic_sport/athletes./olympics/olympic_athlete_affiliation/olympics	/olympics/olympic_games/sports
/olympics/olympic_sport/olympic_games_contested	/olympics/olympic_games/sports
/award/award_ceremony/awards_presented./award/award_honor/honored_for	/award/award_winning_work/awards_won./award/award_honor/ceremony
/award/award_category/presenting_organization	/award/award_presenting_organization/award_categories_presented
/film/film_location/featured_in_films	/film/film/featured_film_locations
/broadcast/artist/content	/broadcast/content/artist
/olympics/olympic_sport/athletes./olympics/olympic_athlete_affiliation/country	/olympics/olympic_participating_country/athletes./olympics/olympic_athlete_affiliation/sport
/sports/sports_position/players./american_football/football_historical_roster_position/team	/american_football/football_team/current_roster./sports/sports_team_roster/position
/sports/sports_position/players./sports/sports_team_roster/team	/american_football/football_team/current_roster./sports/sports_team_roster/position
/sports/sports_position/players./ice_hockey/hockey_roster_position/team	/sports/sports_team/roster./sports/sports_team_roster/position
/sports/sports_position/players./baseball/baseball_roster_position/team	/sports/sports_team/roster./sports/sports_team_roster/position
/basketball/basketball_position/player_roster_position./basketball/basketball_roster_position/team	/sports/sports_team/roster./sports/sports_team_roster/position
/basketball/basketball_position/player_roster_position./sports/sports_team_roster/team	/sports/sports_team/roster./sports/sports_team_roster/position
/sports/sports_position/players./american_football/football_roster_position/team	/sports/sports_team/roster./sports/sports_team_roster/position
/sports/sports_position/players./sports/sports_team_roster/team	/sports/sports_team/roster./sports/sports_team_roster/position
/sports/sports_position/players./basketball/basketball_roster_position/team	/sports/sports_team/roster./sports/sports_team_roster/position
/medicine/disease/risk_factors	/medicine/risk_factor/diseases
/base/americancomedy/celebrity_impressionist/celebrities_impersonated	/base/americancomedy/impersonated_celebrity/impersonated_by
/people/person/place_of_birth	/location/location/people_born_here
/government/legislative_session/members./government/government_position_held/office_holder	/government/politician/government_positions_held./government/government_position_held/legislative_sessions
/award/award_category/winners./award/award_honor/ceremony	/award/award_ceremony/awards_presented./award/award_honor/award
/medicine/risk_factor/diseases	/medicine/disease/risk_factors
/education/educational_institution/students_graduates./education/education/student	/people/person/education./education/education/institution
/location/location/events	/time/event/locations
/education/university/fraternities_and_sororities	/education/fraternity_sorority/colleges_and_universities
/olympics/olympic_sport/athletes./olympics/olympic_athlete_affiliation/olympics	/olympics/olympic_games/athletes./olympics/olympic_athlete_affiliation/sport
/award/award_winning_work/awards_won./award/award_honor/ceremony	/award/award_ceremony/awards_presented./award/award_honor/honored_for
/people/person/employment_history./business/employment_tenure/company	/business/employer/employees./business/employment_tenure/person
/people/person/profession	/people/profession/people_with_this_profession
/education/educational_institution/campuses	/education/educational_institution_campus/educational_institution
/education/field_of_study/students_majoring./education/education/student	/people/person/education./education/education/major_field_of_study
/film/film_story_contributor/film_story_credits	/film/film/story_by
/film/film_job/films_with_this_crew_job./film/film_crew_gig/film	/film/film/other_crew./film/film_crew_gig/film_crew_role
/award/award_category/winners./award/award_honor/honored_for	/award/award_winning_work/awards_won./award/award_honor/award
/location/administrative_division/capital./location/administrative_division_capital_relationship/capital	/location/hud_county_place/county
/sports/sports_position/players./ice_hockey/hockey_roster_position/team	/ice_hockey/hockey_team/current_roster./ice_hockey/hockey_roster_position/position
/business/industry/companies	/business/business_operation/industry
/sports/sports_team/location	/sports/sports_team_location/teams
/sports/sports_position/players./american_football/football_historical_roster_position/team	/american_football/football_team/historical_roster./sports/sports_team_roster/position
/sports/sports_position/players./sports/sports_team_roster/team	/american_football/football_team/historical_roster./sports/sports_team_roster/position
/olympics/olympic_medal/medal_winners./olympics/olympic_medal_honor/olympics	/olympics/olympic_games/medals_awarded./olympics/olympic_medal_honor/medal
/base/marchmadness/ncaa_basketball_team/ncaa_tournament_seeds./base/marchmadness/ncaa_tournament_seed/tournament	/base/marchmadness/ncaa_basketball_tournament/seeds./base/marchmadness/ncaa_tournament_seed/team
/sports/sports_team/championships	/base/marchmadness/ncaa_basketball_tournament/seeds./base/marchmadness/ncaa_tournament_seed/team
/film/film/featured_film_locations	/film/film_location/featured_in_films
/government/political_district/representatives./government/government_position_held/legislative_sessions	/government/legislative_session/members./government/government_position_held/district_represented
/award/award_category/winners./award/award_honor/award_winner	/award/award_winner/awards_won./award/award_honor/award
/film/film/personal_appearances./film/personal_film_appearance/person	/film/person_or_entity_appearing_in_film/films./film/personal_film_appearance/film
/government/governmental_jurisdiction/governing_officials./government/government_position_held/office_holder	/government/politician/government_positions_held./government/government_position_held/jurisdiction_of_office
/tv/tv_program_creator/programs_created	/tv/tv_program/program_creator
/soccer/football_player/current_team./soccer/football_roster_position/team	/soccer/football_team/current_roster./sports/sports_team_roster/player
/base/x2010fifaworldcupsouthafrica/world_cup_participant/world_cup_team./base/x2010fifaworldcupsouthafrica/current_world_cup_squad/current_club	/soccer/football_team/current_roster./sports/sports_team_roster/player
/base/x2010fifaworldcupsouthafrica/world_cup_participant/world_cup_team./base/x2010fifaworldcupsouthafrica/current_world_cup_squad/national_team	/soccer/football_team/current_roster./sports/sports_team_roster/player
/soccer/football_player/current_team./sports/sports_team_roster/team	/soccer/football_team/current_roster./sports/sports_team_roster/player
/sports/pro_athlete/teams./soccer/football_roster_position/team	/soccer/football_team/current_roster./sports/sports_team_roster/player
/base/schemastaging/athlete_extra/salary./base/schemastaging/athlete_salary/team	/soccer/football_team/current_roster./sports/sports_team_roster/player
/soccer/football_player/matches_played./soccer/football_player_match_participation/team	/soccer/football_team/current_roster./sports/sports_team_roster/player
/sports/pro_athlete/teams./sports/sports_team_roster/team	/soccer/football_team/current_roster./sports/sports_team_roster/player
/award/hall_of_fame_inductee/hall_of_fame_inductions./award/hall_of_fame_induction/hall_of_fame	/award/hall_of_fame/inductees./award/hall_of_fame_induction/inductee
/film/film/other_crew./film/film_crew_gig/film_crew_role	/film/film_job/films_with_this_crew_job./film/film_crew_gig/film
/tv/tv_program/regular_personal_appearances./tv/tv_regular_personal_appearance/person	/tv/tv_personality/tv_regular_appearances./tv/tv_regular_personal_appearance/program
/base/americancomedy/comedy_group_member/belongs_to./base/americancomedy/comedy_group_membership/group	/music/musical_group/member./music/group_membership/member
/music/group_member/membership./music/group_membership/group	/music/musical_group/member./music/group_membership/member
/film/film_festival/individual_festivals	/time/event/instance_of_recurring_event
/time/recurring_event/instances	/time/event/instance_of_recurring_event
/award/recurring_competition/individual_competitions	/time/event/instance_of_recurring_event
/sports/sports_championship/events	/time/event/instance_of_recurring_event
/award/award_ceremony/awards_presented./award/award_honor/award	/award/award_category/winners./award/award_honor/ceremony
/olympics/olympic_athlete/country./olympics/olympic_athlete_affiliation/sport	/sports/sport/pro_athletes./sports/pro_sports_played/athlete
/sports/pro_athlete/sports_played_professionally./sports/pro_sports_played/sport	/sports/sport/pro_athletes./sports/pro_sports_played/athlete
/organization/organization_founder/organizations_founded	/organization/organization/founders
/business/business_operation/industry	/business/industry/companies
/award/award_category/disciplines_or_subjects	/award/award_discipline/awards_in_this_discipline
/olympics/olympic_sport/athletes./olympics/olympic_athlete_affiliation/olympics	/user/jg/default_domain/olympic_games/sports
/olympics/olympic_sport/olympic_games_contested	/user/jg/default_domain/olympic_games/sports
/film/film/release_date_s./film/film_regional_release_date/film_regional_debut_venue	/film/film_festival_event/films
/film/film/film_festivals	/film/film_festival_event/films
/music/artist/genre	/music/genre/artists
/film/film/dubbing_performances./film/dubbing_performance/actor	/film/actor/dubbing_performances./film/dubbing_performance/film
/tv/tv_producer_type/tv_producers_of_this_type./tv/tv_producer_term/program	/tv/tv_program/tv_producer./tv/tv_producer_term/producer_type
/film/film/distributors./film/film_film_distributor_relationship/distributor	/film/film_distributor/films_distributed./film/film_film_distributor_relationship/film
/film/film/production_companies	/film/film_distributor/films_distributed./film/film_film_distributor_relationship/film
/music/voice/singers	/music/group_member/vocal_range
/people/person/spouse_s./people/marriage/type_of_union	/people/marriage_union_type/unions_of_this_type./people/marriage/spouse
/sports/sports_position/players./american_football/football_historical_roster_position/team	/american_football/football_team/historical_roster./american_football/football_historical_roster_position/position_s
/sports/sports_position/players./sports/sports_team_roster/team	/american_football/football_team/historical_roster./american_football/football_historical_roster_position/position_s
/symbols/namesake/named_after	/symbols/name_source/namesakes
/location/country/form_of_government	/government/form_of_government/countries
/sports/sports_position/players./american_football/football_historical_roster_position/team	/american_football/football_team/current_roster./american_football/football_roster_position/position
/sports/sports_position/players./sports/sports_team_roster/team	/american_football/football_team/current_roster./american_football/football_roster_position/position
/award/ranked_list/ranked_list_items./award/ranking/item	/award/ranked_item/appears_in_ranked_lists./award/ranking/list
/business/job_title/people_with_this_title./business/employment_tenure/company	/business/employer/employees./business/employment_tenure/title
/music/artist/label	/music/record_label/artist
/american_football/football_team/historical_roster./american_football/football_historical_roster_position/position_s	/sports/sports_position/players./sports/sports_team_roster/team
/sports/sports_team/roster./ice_hockey/hockey_roster_position/position	/sports/sports_position/players./sports/sports_team_roster/team
/basketball/basketball_team/roster./sports/sports_team_roster/position	/sports/sports_position/players./sports/sports_team_roster/team
/american_football/football_team/current_roster./american_football/football_roster_position/position	/sports/sports_position/players./sports/sports_team_roster/team
/sports/sports_team/roster./baseball/baseball_roster_position/position	/sports/sports_position/players./sports/sports_team_roster/team
/ice_hockey/hockey_team/current_roster./ice_hockey/hockey_roster_position/position	/sports/sports_position/players./sports/sports_team_roster/team
/american_football/football_team/historical_roster./sports/sports_team_roster/position	/sports/sports_position/players./sports/sports_team_roster/team
/sports/sports_team/roster./american_football/football_historical_roster_position/position_s	/sports/sports_position/players./sports/sports_team_roster/team
/baseball/baseball_team/current_roster./baseball/baseball_roster_position/position	/sports/sports_position/players./sports/sports_team_roster/team
/base/x2010fifaworldcupsouthafrica/world_cup_squad/current_world_cup_squad./base/x2010fifaworldcupsouthafrica/current_world_cup_squad/position	/sports/sports_position/players./sports/sports_team_roster/team
/baseball/baseball_team/current_roster./sports/sports_team_roster/position	/sports/sports_position/players./sports/sports_team_roster/team
/ice_hockey/hockey_team/current_roster./sports/sports_team_roster/position	/sports/sports_position/players./sports/sports_team_roster/team
/sports/sports_team/roster./basketball/basketball_roster_position/position	/sports/sports_position/players./sports/sports_team_roster/team
/sports/sports_team/roster./american_football/football_roster_position/position	/sports/sports_position/players./sports/sports_team_roster/team
/basketball/basketball_team/roster./basketball/basketball_roster_position/position	/sports/sports_position/players./sports/sports_team_roster/team
/american_football/football_team/current_roster./sports/sports_team_roster/position	/sports/sports_position/players./sports/sports_team_roster/team
/sports/sports_position/players./sports/sports_team_roster/team	/soccer/football_team/current_roster./soccer/football_roster_position/position
/award/award_winner/awards_won./award/award_honor/ceremony	/award/award_ceremony/awards_presented./award/award_honor/award_winner
/film/film_set_designer/film_sets_designed	/film/film/film_set_decoration_by
/user/tsegaran/random/taxonomy_subject/entry./user/tsegaran/random/taxonomy_entry/taxonomy	/user/tsegaran/random/subject_taxonomy/entry./user/tsegaran/random/taxonomy_entry/subject
/film/film/distributors./film/film_film_distributor_relationship/film_distribution_medium	/film/film_distribution_medium/films_distributed_in_this_medium./film/film_film_distributor_relationship/film
/olympics/olympic_participating_country/athletes./olympics/olympic_athlete_affiliation/olympics	/olympics/olympic_games/athletes./olympics/olympic_athlete_affiliation/country
/music/genre/parent_genre	/music/genre/subgenre
/sports/sports_league_draft/picks./sports/sports_league_draft_pick/team	/sports/professional_sports_team/draft_picks./sports/sports_league_draft_pick/draft
/sports/sports_team/roster./ice_hockey/hockey_roster_position/position	/sports/sports_position/players./ice_hockey/hockey_roster_position/team
/ice_hockey/hockey_team/current_roster./ice_hockey/hockey_roster_position/position	/sports/sports_position/players./ice_hockey/hockey_roster_position/team
/ice_hockey/hockey_team/current_roster./sports/sports_team_roster/position	/sports/sports_position/players./ice_hockey/hockey_roster_position/team
/sports/sports_position/players./sports/sports_team_roster/position	/sports/sports_position/players./american_football/football_historical_roster_position/position_s
/film/film_art_director/films_art_directed	/film/film/film_art_direction_by
/organization/organization_member/member_of./organization/organization_membership/organization	/organization/membership_organization/members./organization/organization_membership/member
/sports/sports_position/players./baseball/baseball_roster_position/team	/sports/sports_team/roster./baseball/baseball_roster_position/position
/music/performance_role/guest_performances./music/recording_contribution/contributor	/music/artist/contribution./music/recording_contribution/performance_role
/film/film/edited_by	/film/writer/film
/film/film_distributor/films_distributed./film/film_film_distributor_relationship/film	/film/film/distributors./film/film_film_distributor_relationship/distributor
/basketball/basketball_position/player_roster_position./basketball/basketball_roster_position/team	/basketball/basketball_team/roster./basketball/basketball_roster_position/position
/basketball/basketball_position/player_roster_position./sports/sports_team_roster/team	/basketball/basketball_team/roster./basketball/basketball_roster_position/position
/sports/sports_position/players./basketball/basketball_roster_position/team	/basketball/basketball_team/roster./basketball/basketball_roster_position/position
/award/award_winning_work/awards_won./award/award_honor/award	/award/award_category/winners./award/award_honor/honored_for
/influence/influence_node/influenced	/influence/influence_node/influenced_by
/tv/special_tv_performance_type/starring_performances./tv/regular_tv_appearance/actor	/film/actor/film./film/performance/special_performance_type
/internet/website/owner_new./internet/website_ownership/owner	/organization/organization/child./organization/organization_relationship/child
/organization/organization/parent./organization/organization_relationship/parent	/organization/organization/child./organization/organization_relationship/child
/medicine/symptom/symptom_of	/medicine/disease/symptoms
/education/field_of_study/students_majoring./education/education/institution	/education/educational_institution/students_graduates./education/education/major_field_of_study
/organization/membership_organization/members./organization/organization_membership/member	/organization/organization_member/member_of./organization/organization_membership/organization
/basketball/basketball_team/roster./sports/sports_team_roster/position	/sports/sports_position/players./basketball/basketball_roster_position/team
/sports/sports_team/roster./basketball/basketball_roster_position/position	/sports/sports_position/players./basketball/basketball_roster_position/team
/basketball/basketball_team/roster./basketball/basketball_roster_position/position	/sports/sports_position/players./basketball/basketball_roster_position/team
/business/employer/employees./business/employment_tenure/person	/people/person/employment_history./business/employment_tenure/company
/sports/sports_position/players./american_football/football_historical_roster_position/team	/sports/sports_team/roster./american_football/football_roster_position/position
/sports/sports_position/players./sports/sports_team_roster/team	/sports/sports_team/roster./american_football/football_roster_position/position
/film/film/subjects	/film/film_subject/films
/film/film/starring./film/performance/special_performance_type	/film/special_film_performance_type/film_performance_type./film/performance/film
/sports/sports_team/sport	/sports/sport/teams
/film/film/other_crew./film/film_crew_gig/crewmember	/film/film_crewmember/films_crewed./film/film_crew_gig/film
/award/award_winner/awards_won./award/award_honor/award	/award/award_category/winners./award/award_honor/award_winner
/music/group_member/vocal_range	/music/voice/singers
/music/performance_role/regular_performances./music/group_membership/member	/music/group_member/membership./music/group_membership/role
/education/educational_institution/students_graduates./education/education/major_field_of_study	/education/field_of_study/students_majoring./education/education/institution
/award/award_winning_work/awards_won./award/award_honor/award	/award/award_category/nominees./award/award_nomination/nominated_for
/education/educational_institution/school_type	/education/school_category/schools_of_this_kind
/film/film/music	/film/music_contributor/film
/government/governmental_jurisdiction/governing_officials./government/government_position_held/district_represented	/base/biblioness/bibs_location/country
/location/country/administrative_divisions	/base/biblioness/bibs_location/country
/location/country/first_level_divisions	/base/biblioness/bibs_location/country
/military/military_conflict/casualties./military/casualties/combatant	/military/military_combatant/military_conflicts./military/military_combatant_group/conflict
/military/military_conflict/commanders./military/military_command/military_combatant	/military/military_combatant/military_conflicts./military/military_combatant_group/conflict
/military/military_conflict/combatants./military/military_combatant_group/combatants	/military/military_combatant/military_conflicts./military/military_combatant_group/conflict
/military/military_conflict/force_strengths./military/force_strength/combatant	/military/military_combatant/military_conflicts./military/military_combatant_group/conflict
/baseball/baseball_team/historical_roster./baseball/baseball_historical_roster_position/player	/sports/pro_athlete/teams./sports/sports_team_roster/team
/base/x2010fifaworldcupsouthafrica/world_cup_squad/current_world_cup_squad./base/x2010fifaworldcupsouthafrica/current_world_cup_squad/players	/sports/pro_athlete/teams./sports/sports_team_roster/team
/basketball/basketball_team/roster./basketball/basketball_roster_position/player	/sports/pro_athlete/teams./sports/sports_team_roster/team
/sports/sports_team/roster./basketball/basketball_roster_position/player	/sports/pro_athlete/teams./sports/sports_team_roster/team
/sports/sports_team/roster./american_football/football_historical_roster_position/player	/sports/pro_athlete/teams./sports/sports_team_roster/team
/american_football/football_team/historical_roster./sports/sports_team_roster/player	/sports/pro_athlete/teams./sports/sports_team_roster/team
/sports/sports_team/roster./soccer/football_roster_position/player	/sports/pro_athlete/teams./sports/sports_team_roster/team
/sports/sports_team/roster./sports/sports_team_roster/player	/sports/pro_athlete/teams./sports/sports_team_roster/team
/soccer/football_team/current_roster./sports/sports_team_roster/player	/sports/pro_athlete/teams./sports/sports_team_roster/team
/sports/sports_team/roster./baseball/baseball_historical_roster_position/player	/sports/pro_athlete/teams./sports/sports_team_roster/team
/basketball/basketball_team/historical_roster./basketball/basketball_historical_roster_position/player	/sports/pro_athlete/teams./sports/sports_team_roster/team
/sports/sports_team/roster./basketball/basketball_historical_roster_position/player	/sports/pro_athlete/teams./sports/sports_team_roster/team
/sports/professional_sports_team/draft_picks./sports/sports_league_draft_pick/player	/sports/pro_athlete/teams./sports/sports_team_roster/team
/baseball/baseball_team/historical_roster./sports/sports_team_roster/player	/sports/pro_athlete/teams./sports/sports_team_roster/team
/basketball/basketball_team/roster./sports/sports_team_roster/player	/sports/pro_athlete/teams./sports/sports_team_roster/team
/basketball/basketball_team/historical_roster./sports/sports_team_roster/player	/sports/pro_athlete/teams./sports/sports_team_roster/team
/american_football/football_team/historical_roster./american_football/football_historical_roster_position/player	/sports/pro_athlete/teams./sports/sports_team_roster/team
/soccer/football_team/current_roster./soccer/football_roster_position/player	/sports/pro_athlete/teams./sports/sports_team_roster/team
/location/location/partially_contains	/location/location/partially_containedby
/military/military_combatant/force_deployments./military/force_strength/combatant	/military/military_combatant/military_conflicts./military/military_combatant_group/combatants
